"contrast","estimate","SE","df","t.ratio","p.value","Significant"
"L - R",3.5491116169109,7.0536280157771,16.9999999999999,0.503161154652964,0.621307585228563,"NS"
