"contrast","estimate","SE","df","t.ratio","p.value","Significant"
"ONOFF0 - ONOFF1",11.7662171105534,4.66844555538247,130.999999999999,2.52037149645829,0.0129236816049535,"S"
